"old_url","action","new_url","type","title","blocks","images","source_file"
"/","handcrafted","/","","","","","index.html"
"/products/epoxy-adhesive/stronghold-sh-ep5/","migrated","/products/epoxy-adhesive/stronghold-sh-ep5/","product","Stronghold SH-EP5 280ml.","5","1","products/epoxy-adhesive/stronghold-sh-ep5/index.html"
"/services/hilti-services/install-hilti-hvu/","migrated","/services/hilti-services/install-hilti-hvu/","service","บริการรับเจาะคอริ่งพื้นคอนกรีต Coring - งานด่วน งานไว คิดถึง SBCC","11","8","services/hilti-services/install-hilti-hvu/index.html"
"/services/hilti-services/install-hilti-re500v3/","migrated","/services/hilti-services/install-hilti-re500v3/","service","บริการรับเจาะคอริ่งพื้นคอนกรีต Coring - งานด่วน งานไว คิดถึง SBCC","5","8","services/hilti-services/install-hilti-re500v3/index.html"
"/services/hilti-services/","handcrafted","/services/hilti-services/","","","","","services/hilti-services/index.html"
"/products/epoxy-adhesive/epoxy-dispensers/","migrated","/products/epoxy-adhesive/epoxy-dispensers/","product","จำหน่ายปืนยิงอีพ็อกซี่เสียบเหล็ก (Epoxy Dispensers) มีของพร้อมส่งด่วนทั่วประเทศ","4","4","products/epoxy-adhesive/epoxy-dispensers/index.html"
"/products/epoxy-adhesive/","handcrafted","/products/epoxy-adhesive/","","","","","products/epoxy-adhesive/index.html"
"/products/constructions/annealing-wire-2/","migrated","/products/constructions/annealing-wire-2/","product","ลวดผูกเหล็ก สำหรับงานเทพื้นคอนกรีต","5","1","products/constructions/annealing-wire-2/index.html"
"/products/constructions/polymer-cp-bond/","migrated","/products/constructions/polymer-cp-bond/","product","น้ำยาประสานคอนกรีต","7","1","products/constructions/polymer-cp-bond/index.html"
"/products/constructions/concrete-curing-compound/","migrated","/products/constructions/concrete-curing-compound/","product","น้ำยาบ่มคอนกรีตชนิดสลายตัวได้","5","1","products/constructions/concrete-curing-compound/index.html"
"/products/constructions/non-shrink-grout-2/","migrated","/products/constructions/non-shrink-grout-2/","product","ซีเมนต์ไม่หดตัว","4","1","products/constructions/non-shrink-grout-2/index.html"
"/products/constructions/pvc-water-stop-2/","migrated","/products/constructions/pvc-water-stop-2/","product","แผ่นกั้นน้ำในคอนกรีต","2","1","products/constructions/pvc-water-stop-2/index.html"
"/products/constructions/elongation-2/","migrated","/products/constructions/elongation-2/","product","ซีเมนต์ทากันซึม ชนิดยึดหยุ่นสูง","7","1","products/constructions/elongation-2/index.html"
"/products/constructions/waterstop-2/","migrated","/products/constructions/waterstop-2/","product","ยางบวมน้ำ","2","1","products/constructions/waterstop-2/index.html"
"/products/hanging-support/pipe-hanger-2/","migrated","/products/hanging-support/pipe-hanger-2/","product","Pipe Hanger","2","1","products/hanging-support/pipe-hanger-2/index.html"
"/products/hanging-support/rod-galvanized/","migrated","/products/hanging-support/rod-galvanized/","product","Rod (ชุบ Galvanized)","2","1","products/hanging-support/rod-galvanized/index.html"
"/products/hanging-support/c-chanel/","migrated","/products/hanging-support/c-chanel/","product","C chanel","1","1","products/hanging-support/c-chanel/index.html"
"/products/mechanical-bolt/u-bolt/","migrated","/products/mechanical-bolt/u-bolt/","product","U bolt","1","1","products/mechanical-bolt/u-bolt/index.html"
"/products/mechanical-bolt/j-l-i-bolt/","migrated","/products/mechanical-bolt/j-l-i-bolt/","product","J Bolt – L Blot – I Blot","2","5","products/mechanical-bolt/j-l-i-bolt/index.html"
"/products/mechanical-bolt/bolt/","migrated","/products/mechanical-bolt/bolt/","product","Bolt","1","1","products/mechanical-bolt/bolt/index.html"
"/products/mechanical-bolt/nut-washer/","migrated","/products/mechanical-bolt/nut-washer/","product","NUT - WASHER","1","1","products/mechanical-bolt/nut-washer/index.html"
"/products/mechanical-bolt/anchor-dropin/","migrated","/products/mechanical-bolt/anchor-dropin/","product","พุกตอก","3","1","products/mechanical-bolt/anchor-dropin/index.html"
"/products/mechanical-bolt/double-expansion-anchor/","migrated","/products/mechanical-bolt/double-expansion-anchor/","product","พุกตะกั่ว","2","1","products/mechanical-bolt/double-expansion-anchor/index.html"
"/products/mechanical-bolt/expansion-bolt-ss304/","migrated","/products/mechanical-bolt/expansion-bolt-ss304/","product","พุกสแตนเลส SS304","5","2","products/mechanical-bolt/expansion-bolt-ss304/index.html"
"/products/mechanical-bolt/expansion-bolt-st/","migrated","/products/mechanical-bolt/expansion-bolt-st/","product","พุกเหล็ก (ชุบรุ้ง)","3","2","products/mechanical-bolt/expansion-bolt-st/index.html"
"/products/chemical-anchors/hilti-hvu/","migrated","/products/chemical-anchors/hilti-hvu/","product","จำหน่ายพุกเคมี HILTI HVU แบบปั่น จัดส่งด่วนทั่วประเทศ สินค้าคุณภาพโดยบริษัท SBCC","12","5","products/chemical-anchors/hilti-hvu/index.html"
"/products/chemical-anchors/stud-hot-dip-galvanized/","migrated","/products/chemical-anchors/stud-hot-dip-galvanized/","product","Stud แท่งเกลียวชุบ Hot-Dip Galvanized","1","1","products/chemical-anchors/stud-hot-dip-galvanized/index.html"
"/products/chemical-anchors/stud-galvanized-2/","migrated","/products/chemical-anchors/stud-galvanized-2/","product","Stud (แท่งเกลียวชุบ Galvanized)","1","1","products/chemical-anchors/stud-galvanized-2/index.html"
"/products/mechanical-bolt/expansion-bolt-hot-dip-galvanized/","migrated","/products/mechanical-bolt/expansion-bolt-hot-dip-galvanized/","product","Expansion Bolt [Hot - Dip Galvanized]","2","3","products/mechanical-bolt/expansion-bolt-hot-dip-galvanized/index.html"
"/products/mechanical-bolt/expansion-bolt-2/","migrated","/products/mechanical-bolt/expansion-bolt-2/","product","Expansion Bolt [Standard]","2","2","products/mechanical-bolt/expansion-bolt-2/index.html"
"/products/epoxy-adhesive/epoxy-mortar-fis-em-390s/","migrated","/products/epoxy-adhesive/epoxy-mortar-fis-em-390s/","product","Epoxy-Mortar FIS EM 390 S","6","1","products/epoxy-adhesive/epoxy-mortar-fis-em-390s/index.html"
"/products/epoxy-adhesive/mason-mca-pe3/","migrated","/products/epoxy-adhesive/mason-mca-pe3/","product","Mason MCA-PE3 600ml.","8","5","products/epoxy-adhesive/mason-mca-pe3/index.html"
"/products/epoxy-adhesive/stronghold-sh-ep2/","migrated","/products/epoxy-adhesive/stronghold-sh-ep2/","product","Stronghold SH-EP2 400ml.","7","","products/epoxy-adhesive/stronghold-sh-ep2/index.html"
"/products/epoxy-adhesive/stronghold-sh-ep1/","migrated","/products/epoxy-adhesive/stronghold-sh-ep1/","product","Stronghold SH-EP1 600ml.","8","1","products/epoxy-adhesive/stronghold-sh-ep1/index.html"
"/products/epoxy-adhesive/pureepoxy/","migrated","/products/epoxy-adhesive/pureepoxy/","product","Pure Epoxy","5","1","products/epoxy-adhesive/pureepoxy/index.html"
"/products/chemical-anchors/hammer-capsule-anchor/","migrated","/products/chemical-anchors/hammer-capsule-anchor/","product","จำหน่ายพุกเคมีแบบตอก น้ำยาเคมีเสียบเหล็ก จัดส่งด่วนทั่วประเทศ สินค้าคุณภาพโดยบริษัท SBCC","11","3","products/chemical-anchors/hammer-capsule-anchor/index.html"
"/products/chemical-anchors/vdp-glass-capsules/","migrated","/products/chemical-anchors/vdp-glass-capsules/","product","จำหน่ายพุกเคมีแบบปั่น น้ำยาเคมีเสียบเหล็ก จัดส่งด่วนทั่วประเทศ สินค้าคุณภาพโดยบริษัท SBCC","11","2","products/chemical-anchors/vdp-glass-capsules/index.html"
"/products/constructions/","migrated","/products/constructions/","product","ผลิตภัณฑ์สำหรับงานก่อสร้าง","12","7","products/constructions/index.html"
"/products/hanging-support/","handcrafted","/products/hanging-support/","","","","","products/hanging-support/index.html"
"/products/mechanical-bolt/","handcrafted","/products/mechanical-bolt/","","","","","products/mechanical-bolt/index.html"
"/products/chemical-anchors/","handcrafted","/products/chemical-anchors/","","","","","products/chemical-anchors/index.html"
"/services/floor-repair/","handcrafted","/services/floor-repair/","","","","","services/floor-repair/index.html"
"/services/anchor/","handcrafted","/services/anchor/","","","","","services/anchor/index.html"
"/services/coring/","handcrafted","/services/coring/","","","","","services/coring/index.html"
"/quote/","handcrafted","/quote/","","","","","quote/index.html"
"/products/","handcrafted","/products/","","","","","products/index.html"
"/services/","handcrafted","/services/","","","","","services/index.html"
"/projects/","handcrafted","/projects/","","","","","projects/index.html"
"/contact/","handcrafted","/contact/","","","","","contact/index.html"
"/ตารางพุกเคมี/","migrated","/ตารางพุกเคมี/","article","ตารางขนาดพุกเคมี","55","1","ตารางพุกเคมี/index.html"
"/การใช้งานพุกเคมี/","migrated","/การใช้งานพุกเคมี/","article","การใช้งานพุกเคมี","18","1","การใช้งานพุกเคมี/index.html"
"/พุกตะกั่ว/","migrated","/พุกตะกั่ว/","article","พุกตะกั่ว กับความเหมาะสมในการใช้งาน","15","1","พุกตะกั่ว/index.html"
"/project/","redirect","/projects/","","","","","project/index.html"
"/project/1231/","migrated","/project/1231/","project","บ้านพัก ชินเขต","","8","project/1231/index.html"
"/project/1232/","migrated","/project/1232/","project","โครงการหมู่บ้านพฤกษา","","8","project/1232/index.html"
"/project/1214/","migrated","/project/1214/","project","คอนโด Life Ratchadapisek","","8","project/1214/index.html"
"/project/1246/","migrated","/project/1246/","project","คอริ่งแผ่น pre-cast","","8","project/1246/index.html"
"/project/1238/","migrated","/project/1238/","project","โรงงานปลากระป๋องปุ้มปุ้ย คลองสาน","","8","project/1238/index.html"
"/project/2241/","migrated","/project/2241/","project","โรงงานโกลเด้น วัลเลย์ย่านบ้านบึง","","8","project/2241/index.html"
"/project/4423/","migrated","/project/4423/","project","โรงงาน TOTOBED","","8","project/4423/index.html"
"/project/4232/","migrated","/project/4232/","project","โรงงาน FUTABA นิคมอุตสาหกรรมเวลล์โกล","","8","project/4232/index.html"
"/project/4347/","migrated","/project/4347/","project","โกดังสินค้า ย่านพระราม2","","8","project/4347/index.html"
"/project/6534/","migrated","/project/6534/","project","โรงแรม Premier Inn Hotel","","8","project/6534/index.html"
"/project/1343/","migrated","/project/1343/","project","อาคารเรือนนอน โรงเรียนจ่าอากาศดอนเมือง","","7","project/1343/index.html"
"/project/6573/","migrated","/project/6573/","project","โกดัง โรงงานสตีล คัตเตอร์ บางบอน","","8","project/6573/index.html"
"/project/5434/","migrated","/project/5434/","project","วิทยาลัยป้องกันและบรรเทาสาธารณภัย","","8","project/5434/index.html"
"/project/6344/","migrated","/project/6344/","project","บ้านพักอาศัย","","8","project/6344/index.html"
"/project/6576/","migrated","/project/6576/","project","โรงงานย่านลาดกระบัง","","8","project/6576/index.html"
"/project/580/","migrated","/project/580/","project","โครงการ I'm China Town","","8","project/580/index.html"
"/project/563/","migrated","/project/563/","project","ธนาคารทหารไทย (TMB) จตุจักร","2","8","project/563/index.html"
"/project/555/","migrated","/project/555/","project","บริษัท BIO COSLAB บางเลน","2","8","project/555/index.html"
"/project/541/","migrated","/project/541/","project","โครงการ A-link","2","8","project/541/index.html"
"/project/532/","migrated","/project/532/","project","งานรีโนเวทอาคารในนิคมอัญธานี กิ่งแก้ว","2","8","project/532/index.html"
"/project/522/","migrated","/project/522/","project","โครงการของสำนักงานตำรวจแห่งชาติ","2","8","project/522/index.html"
"/project/511/","migrated","/project/511/","project","CCB พระราม 7","2","8","project/511/index.html"
"/project/498/","migrated","/project/498/","project","โครงการ Sky View Hotel สุขุมวิท 24","2","8","project/498/index.html"
"/project/493/","migrated","/project/493/","project","โรงงานลักกี้เทค บางปู","2","8","project/493/index.html"
"/project/487/","migrated","/project/487/","project","ร้านแกรนิต ปิ่นเกล้า","2","8","project/487/index.html"
"/project/481/","migrated","/project/481/","project","โรงงานฟาร์มเฮ้าท์ บางชัน","2","8","project/481/index.html"
"/project/475/","migrated","/project/475/","project","โรงงาน Nutrix บางชัน","2","8","project/475/index.html"
"/project/469/","migrated","/project/469/","project","ธนาคารกรุงศรีอยุธยา สำนักงานใหญ่ พระราม 3","2","8","project/469/index.html"
"/project/462/","migrated","/project/462/","project","เกษร พลาซ่า","2","8","project/462/index.html"
"/project/456/","migrated","/project/456/","project","MS SIAM TOWER พระราม 3","2","8","project/456/index.html"
"/project/449/","migrated","/project/449/","project","บ้านพัก ชินเขต","1","8","project/449/index.html"
"/project/มหาวิทยาลัยราชภัฏสวนดุ/","migrated","/project/มหาวิทยาลัยราชภัฏสวนดุ/","project","มหาวิทยาลัยราชภัฏสวนดุสิต","2","8","project/มหาวิทยาลัยราชภัฏสวนดุ/index.html"
"/project/441/","migrated","/project/441/","project","โรงไฟฟ้าหนองแค 2","1","8","project/441/index.html"
"/project/429/","migrated","/project/429/","project","ประตูระบายน้ำ บางกระสั้น","2","8","project/429/index.html"
"/project/425/","migrated","/project/425/","project","AEC market","2","8","project/425/index.html"
"/project/421/","migrated","/project/421/","project","วินด์มิลล์ บางนา","2","8","project/421/index.html"
"/project/414/","migrated","/project/414/","project","โครงการ Premier Inn Hotel","2","8","project/414/index.html"
"/project/396/","migrated","/project/396/","project","บริษัท ตงฮั้วบัวใหญ่ (1994) จำกัด","2","8","project/396/index.html"
"/project/2877/","migrated","/project/2877/","project","โรงไฟฟ้าพลังงานจากแสงอาทิตย์","2","8","project/2877/index.html"
"/project/2808/","migrated","/project/2808/","project","โรงงานเมตตา อาหารเจ","2","8","project/2808/index.html"
"/project/2786/","migrated","/project/2786/","project","มหาวิทยาลัยศิลปากร ท่าพระจันทร์","2","8","project/2786/index.html"
"/project/2980/","migrated","/project/2980/","project","โครงการประตูระบายน้ำ อยุธยา","2","8","project/2980/index.html"
"/project/2790/","migrated","/project/2790/","project","แลนด์มาร์ค วอเอตอร์ฟรอน์","2","8","project/2790/index.html"
"/project/2789/","migrated","/project/2789/","project","เมกก้า พรีฟอร์ม กบินทร์บุรี","2","8","project/2789/index.html"
"/tag/พุกเคมี/","redirect","/products/chemical-anchors/","","","","","tag/พุกเคมี/index.html"
"/tag/พุกตะกั่ว/","redirect","/products/mechanical-bolt/","","","","","tag/พุกตะกั่ว/index.html"
"/tag/hilti/","redirect","/services/hilti-services/","","","","","tag/hilti/index.html"
"/scope/not_global/","redirect","/","","","","","scope/not_global/index.html"
"/scope/global/","redirect","/","","","","","scope/global/index.html"
"/project_tag/อยุธยา/","redirect","/projects/","","","","","project_tag/อยุธยา/index.html"
"/project_tag/สระบุรี/","redirect","/projects/","","","","","project_tag/สระบุรี/index.html"
"/project_tag/บางนา/","redirect","/projects/","","","","","project_tag/บางนา/index.html"
"/project_tag/นครปฐม/","redirect","/projects/","","","","","project_tag/นครปฐม/index.html"
"/project_tag/กรุงเทพ/","redirect","/projects/","","","","","project_tag/กรุงเทพ/index.html"
"/project_tag/กบินทร์บุรี/","redirect","/projects/","","","","","project_tag/กบินทร์บุรี/index.html"
"/project_category/บริการเจาะพื้นคอริ่ง-coring/","redirect","/services/coring/","","","","","project_category/บริการเจาะพื้นคอริ่ง-coring/index.html"
"/project_category/บริการเจาะติดตั้งพุกเค/","redirect","/services/anchor/","","","","","project_category/บริการเจาะติดตั้งพุกเค/index.html"
"/project_category/บริการยิงโฟมและฉีด-epoxy/","redirect","/services/floor-repair/","","","","","project_category/บริการยิงโฟมและฉีด-epoxy/index.html"
"/privacy-policy/","handcrafted","/privacy-policy/","","","","","privacy-policy/index.html"
"/module_width/regular/","redirect","/","","","","","module_width/regular/index.html"
"/layout_type/row/","redirect","/","","","","","layout_type/row/index.html"
"/layout_type/module/","redirect","/","","","","","layout_type/module/index.html"
"/layout_type/layout/","redirect","/","","","","","layout_type/layout/index.html"
"/category/นานาสาระงานก่อสร้าง/","redirect","/blog/","","","","","category/นานาสาระงานก่อสร้าง/index.html"
"/blog/","handcrafted","/blog/","","","","","blog/index.html"
"/author/sbcc/","redirect","/blog/","","","","","author/sbcc/index.html"
"/about/","handcrafted","/about/","","","","","about/index.html"
